{
	"credit": "Made with Blockbench",
	"textures": {
		"0": "pipez:block/item/pipe_rims",
		"2": "pipez:block/item/pipe_rims_inner",
		"particle": "pipez:block/item/pipe_rims"
	},
	"elements": [
		{
			"from": [4, 4, 10],
			"to": [12, 6, 12],
			"rotation": {"angle": 0, "axis": "y", "origin": [8, 8, 8]},
			"faces": {
				"north": {"uv": [4, 10, 12, 12], "texture": "#2"},
				"east": {"uv": [4, 10, 6, 12], "texture": "#0"},
				"south": {"uv": [4, 10, 12, 12], "texture": "#0"},
				"west": {"uv": [10, 10, 12, 12], "texture": "#0"},
				"up": {"uv": [4, 10, 12, 12], "texture": "#2"},
				"down": {"uv": [4, 10, 12, 12], "rotation": 180, "texture": "#0"}
			}
		}
	]
}