{
	"credit": "Made with Blockbench",
	"textures": {
		"0": "pipez:block/item/pipe_cover",
		"particle": "pipez:block/item/pipe_cover"
	},
	"elements": [
		{
			"from": [3, 3, 3],
			"to": [13, 13, 13],
			"faces": {
				"north": {"uv": [3, 3, 13, 13], "texture": "#0"},
				"east": {"uv": [3, 3, 13, 13], "texture": "#0"},
				"south": {"uv": [3, 3, 13, 13], "texture": "#0"},
				"west": {"uv": [3, 3, 13, 13], "texture": "#0"},
				"up": {"uv": [3, 3, 13, 13], "texture": "#0"},
				"down": {"uv": [3, 3, 13, 13], "texture": "#0"}
			}
		}
	]
}