{
	"credit": "Made with Blockbench",
	"textures": {
		"0": "pipez:block/item/pipe_end_inner",
		"particle": "pipez:block/item/pipe_end_inner"
	},
	"elements": [
		{
			"from": [8, 11, 5],
			"to": [9, 11, 6],
			"faces": {
				"up": {"uv": [8, 5, 9, 6], "texture": "#0"}
			}
		},
		{
			"from": [7, 11, 6],
			"to": [8, 11, 7],
			"faces": {
				"up": {"uv": [7, 6, 8, 7], "texture": "#0"}
			}
		},
		{
			"from": [6, 11, 7],
			"to": [7, 11, 8],
			"faces": {
				"up": {"uv": [6, 7, 7, 8], "texture": "#0"}
			}
		},
		{
			"from": [9, 11, 8],
			"to": [10, 11, 9],
			"faces": {
				"up": {"uv": [9, 8, 10, 9], "texture": "#0"}
			}
		},
		{
			"from": [8, 11, 9],
			"to": [9, 11, 10],
			"faces": {
				"up": {"uv": [8, 9, 9, 10], "texture": "#0"}
			}
		},
		{
			"from": [7, 11, 10],
			"to": [8, 11, 11],
			"faces": {
				"up": {"uv": [7, 10, 8, 11], "texture": "#0"}
			}
		}
	]
}