{
  "loader": "tconstruct:fluid_texture",
  "parent": "block/block",
  "textures": {
    "particle": "#front",
    "fluid": "tconstruct:block/black"
  },
  "fluids": ["fluid"],
  "elements": [
    { "from": [ 0, 0, 0 ],
      "to": [ 16, 16, 16 ],
      "faces": { "north": { "texture": "#fluid", "cullface": "north" }}
    },
    { "from": [ 0, 0, 0 ],
      "to": [ 16, 16, 16 ],
      "faces": {
        "down":  { "texture": "#top",   "cullface": "down"  },
        "up":    { "texture": "#top",   "cullface": "up"    },
        "north": { "texture": "#front", "cullface": "north" },
        "south": { "texture": "#side",  "cullface": "south" },
        "west":  { "texture": "#side",  "cullface": "west"  },
        "east":  { "texture": "#side",  "cullface": "east"  }
      }
    }
  ]
}
