{
	"credit": "Made with Blockbench",
	"textures": {
		"0": "create:block/chute",
		"1": "create:block/chute_diagonal",
		"particle": "block/hopper_inside"
	},
	"elements": [
		{
			"from": [0, 0, 0],
			"to": [3, 16, 16],
			"faces": {
				"north": {"uv": [6.5, 0, 8, 8], "texture": "#1"},
				"east": {"uv": [8, 0, 16, 8], "texture": "#0"},
				"south": {"uv": [0, 0, 1.5, 8], "texture": "#1"},
				"west": {"uv": [0, 0, 8, 8], "texture": "#1"},
				"up": {"uv": [8, 8, 9.5, 16], "texture": "#0"},
				"down": {"uv": [14.5, 8, 16, 16], "rotation": 180, "texture": "#0"}
			}
		},
		{
			"from": [13, 0, 0],
			"to": [16, 16, 16],
			"faces": {
				"north": {"uv": [0, 0, 1.5, 8], "texture": "#1"},
				"east": {"uv": [0, 0, 8, 8], "texture": "#1"},
				"south": {"uv": [6.5, 0, 8, 8], "texture": "#1"},
				"west": {"uv": [8, 0, 16, 8], "texture": "#0"},
				"up": {"uv": [8, 8, 9.5, 16], "rotation": 180, "texture": "#0"},
				"down": {"uv": [14.5, 8, 16, 16], "texture": "#0"}
			}
		},
		{
			"from": [3, 0, 0],
			"to": [13, 16, 3],
			"faces": {
				"north": {"uv": [1.5, 0, 6.5, 8], "texture": "#1"},
				"east": {"uv": [6.5, 0, 8, 8], "texture": "#1"},
				"south": {"uv": [9.5, 0, 14.5, 8], "texture": "#0"},
				"west": {"uv": [0, 0, 1.5, 8], "texture": "#1"},
				"up": {"uv": [14.5, 9.5, 16, 14.5], "rotation": 270, "texture": "#0"},
				"down": {"uv": [14.5, 9.5, 16, 14.5], "rotation": 90, "texture": "#0"}
			}
		},
		{
			"from": [3, 0, 13],
			"to": [13, 16, 16],
			"faces": {
				"north": {"uv": [9.5, 0, 14.5, 8], "texture": "#0"},
				"east": {"uv": [0, 0, 1.5, 8], "texture": "#1"},
				"south": {"uv": [1.5, 0, 6.5, 8], "texture": "#1"},
				"west": {"uv": [6.5, 0, 8, 8], "texture": "#1"},
				"up": {"uv": [14.5, 9.5, 16, 14.5], "rotation": 90, "texture": "#0"},
				"down": {"uv": [14.5, 9.5, 16, 14.5], "rotation": 270, "texture": "#0"}
			}
		},
		{
			"from": [3, 8, 3],
			"to": [13, 14, 13],
			"rotation": {"angle": 0, "axis": "y", "origin": [11, -6, 11]},
			"faces": {
				"up": {"uv": [9.5, 9.5, 14.5, 14.5], "texture": "#0"},
				"down": {"uv": [9.5, 9.5, 14.5, 14.5], "texture": "#0"}
			}
		}
	]
}