{
	"credit": "Made with Blockbench",
	"parent": "block/block",
	"textures": {
		"13": "create:block/chute",
		"particle": "block/hopper_outside"
	},
	"elements": [
		{
			"from": [13, 13, 1],
			"to": [15, 16, 15],
			"rotation": {"angle": 0, "axis": "y", "origin": [9, 16, 9]},
			"faces": {
				"north": {"uv": [8.5, 0, 9.5, 1.5], "texture": "#13"},
				"east": {"uv": [8.5, 0, 15.5, 1.5], "texture": "#13"},
				"south": {"uv": [14.5, 0, 15.5, 1.5], "texture": "#13"},
				"west": {"uv": [8.5, 0, 15.5, 1.5], "texture": "#13"},
				"up": {"uv": [6, 0, 7, 7], "texture": "#13"},
				"down": {"uv": [6, 0, 7, 7], "texture": "#13"}
			}
		},
		{
			"from": [3, 13, 13],
			"to": [13, 16, 15],
			"rotation": {"angle": 0, "axis": "y", "origin": [9, 16, 9]},
			"faces": {
				"north": {"uv": [9.5, 0, 14.5, 1.5], "texture": "#13"},
				"south": {"uv": [9.5, 0, 14.5, 1.5], "texture": "#13"},
				"up": {"uv": [1, 6, 6, 7], "texture": "#13"},
				"down": {"uv": [1, 6, 6, 7], "texture": "#13"}
			}
		},
		{
			"from": [12, 8, 13],
			"to": [13, 13, 15],
			"rotation": {"angle": 0, "axis": "y", "origin": [11, 16, 9]},
			"faces": {
				"north": {"uv": [9.5, 1.5, 10, 4], "texture": "#13"},
				"east": {"uv": [9, 0, 16, 4], "texture": "#13"},
				"south": {"uv": [14, 1.5, 14.5, 4], "texture": "#13"},
				"west": {"uv": [13, 1.5, 14, 4], "texture": "#13"},
				"down": {"uv": [5.5, 0, 6, 1], "texture": "#13"}
			}
		},
		{
			"from": [12, 8, 1],
			"to": [13, 13, 3],
			"rotation": {"angle": 0, "axis": "y", "origin": [11, 16, 7]},
			"faces": {
				"north": {"uv": [9.5, 1.5, 10, 4], "texture": "#13"},
				"east": {"uv": [16, 0, 9, 4], "texture": "#13"},
				"south": {"uv": [10, 1.5, 9.5, 4], "texture": "#13"},
				"west": {"uv": [14, 1.5, 13, 4], "texture": "#13"},
				"down": {"uv": [5.5, 1, 6, 0], "texture": "#13"}
			}
		},
		{
			"from": [13, 8, 12],
			"to": [15, 13, 15],
			"rotation": {"angle": 0, "axis": "y", "origin": [11, 16, 9]},
			"faces": {
				"north": {"uv": [10, 1.5, 11, 4], "texture": "#13"},
				"east": {"uv": [8.5, 1.5, 10, 4], "texture": "#13"},
				"south": {"uv": [14.5, 1.5, 15.5, 4], "texture": "#13"},
				"west": {"uv": [14, 1.5, 15.5, 4], "texture": "#13"},
				"up": {"uv": [1, 6, 6, 7], "texture": "#13"},
				"down": {"uv": [6, 0, 7, 1.5], "texture": "#13"}
			}
		},
		{
			"from": [13, 8, 1],
			"to": [15, 13, 4],
			"rotation": {"angle": 0, "axis": "y", "origin": [11, 16, 7]},
			"faces": {
				"north": {"uv": [8.5, 1.5, 9.5, 4], "texture": "#13"},
				"east": {"uv": [14, 1.5, 15.5, 4], "texture": "#13"},
				"south": {"uv": [13, 1.5, 14, 4], "texture": "#13"},
				"west": {"uv": [15.5, 1.5, 14, 4], "texture": "#13"},
				"up": {"uv": [1, 7, 6, 6], "texture": "#13"},
				"down": {"uv": [6, 1.5, 7, 0], "texture": "#13"}
			}
		},
		{
			"from": [1, 13, 1],
			"to": [3, 16, 15],
			"rotation": {"angle": 0, "axis": "y", "origin": [7, 16, 7]},
			"faces": {
				"north": {"uv": [14.5, 0, 15.5, 1.5], "texture": "#13"},
				"east": {"uv": [8.5, 0, 15.5, 1.5], "texture": "#13"},
				"south": {"uv": [8.5, 0, 9.5, 1.5], "texture": "#13"},
				"west": {"uv": [8.5, 0, 15.5, 1.5], "texture": "#13"},
				"up": {"uv": [6, 0, 7, 7], "rotation": 180, "texture": "#13"},
				"down": {"uv": [6, 0, 7, 7], "rotation": 180, "texture": "#13"}
			}
		},
		{
			"from": [3, 13, 1],
			"to": [13, 16, 3],
			"rotation": {"angle": 0, "axis": "y", "origin": [7, 16, 7]},
			"faces": {
				"north": {"uv": [9.5, 0, 14.5, 1.5], "texture": "#13"},
				"south": {"uv": [9.5, 0, 14.5, 1.5], "texture": "#13"},
				"up": {"uv": [1, 6, 6, 7], "rotation": 180, "texture": "#13"},
				"down": {"uv": [1, 6, 6, 7], "rotation": 180, "texture": "#13"}
			}
		},
		{
			"from": [3, 8, 1],
			"to": [4, 13, 3],
			"rotation": {"angle": 0, "axis": "y", "origin": [5, 16, 7]},
			"faces": {
				"north": {"uv": [14, 1.5, 14.5, 4], "texture": "#13"},
				"east": {"uv": [13, 1.5, 14, 4], "texture": "#13"},
				"south": {"uv": [9.5, 1.5, 10, 4], "texture": "#13"},
				"west": {"uv": [9, 0, 16, 4], "texture": "#13"},
				"down": {"uv": [5.5, 0, 6, 1], "rotation": 180, "texture": "#13"}
			}
		},
		{
			"from": [3, 8, 13],
			"to": [4, 13, 15],
			"rotation": {"angle": 0, "axis": "y", "origin": [5, 16, 9]},
			"faces": {
				"north": {"uv": [10, 1.5, 9.5, 4], "texture": "#13"},
				"east": {"uv": [14, 1.5, 13, 4], "texture": "#13"},
				"south": {"uv": [9.5, 1.5, 10, 4], "texture": "#13"},
				"west": {"uv": [16, 0, 9, 4], "texture": "#13"},
				"down": {"uv": [5.5, 1, 6, 0], "rotation": 180, "texture": "#13"}
			}
		},
		{
			"from": [1, 8, 1],
			"to": [3, 13, 4],
			"rotation": {"angle": 0, "axis": "y", "origin": [5, 16, 7]},
			"faces": {
				"north": {"uv": [14.5, 1.5, 15.5, 4], "texture": "#13"},
				"east": {"uv": [14, 1.5, 15.5, 4], "texture": "#13"},
				"south": {"uv": [10, 1.5, 11, 4], "texture": "#13"},
				"west": {"uv": [8.5, 1.5, 10, 4], "texture": "#13"},
				"up": {"uv": [1, 6, 6, 7], "rotation": 180, "texture": "#13"},
				"down": {"uv": [6, 0, 7, 1.5], "rotation": 180, "texture": "#13"}
			}
		},
		{
			"from": [1, 8, 12],
			"to": [3, 13, 15],
			"rotation": {"angle": 0, "axis": "y", "origin": [5, 16, 9]},
			"faces": {
				"north": {"uv": [13, 1.5, 14, 4], "texture": "#13"},
				"east": {"uv": [15.5, 1.5, 14, 4], "texture": "#13"},
				"south": {"uv": [8.5, 1.5, 9.5, 4], "texture": "#13"},
				"west": {"uv": [14, 1.5, 15.5, 4], "texture": "#13"},
				"up": {"uv": [1, 7, 6, 6], "rotation": 180, "texture": "#13"},
				"down": {"uv": [6, 1.5, 7, 0], "rotation": 180, "texture": "#13"}
			}
		},
		{
			"from": [13, 0, 2],
			"to": [14, 8, 14],
			"rotation": {"angle": 0, "axis": "y", "origin": [9, 8, 9]},
			"faces": {
				"north": {"uv": [0, 9.5, 0.5, 13.5], "texture": "#13"},
				"east": {"uv": [0, 9.5, 6, 13.5], "texture": "#13"},
				"south": {"uv": [5.5, 9.5, 6, 13.5], "texture": "#13"},
				"west": {"uv": [0, 9.5, 6, 13.5], "texture": "#13"},
				"down": {"uv": [9, 7.5, 15, 8], "rotation": 90, "texture": "#13"}
			}
		},
		{
			"from": [2, 0, 2],
			"to": [3, 8, 14],
			"rotation": {"angle": 0, "axis": "y", "origin": [9, 8, 9]},
			"faces": {
				"north": {"uv": [5.5, 9.5, 6, 13.5], "texture": "#13"},
				"east": {"uv": [0, 9.5, 6, 13.5], "texture": "#13"},
				"south": {"uv": [0, 9.5, 0.5, 13.5], "texture": "#13"},
				"west": {"uv": [0, 9.5, 6, 13.5], "texture": "#13"},
				"down": {"uv": [9, 7.5, 15, 8], "rotation": 90, "texture": "#13"}
			}
		},
		{
			"from": [3, 0, 13],
			"to": [13, 8, 14],
			"rotation": {"angle": 0, "axis": "y", "origin": [8, 8, 20]},
			"faces": {
				"north": {"uv": [0.5, 9.5, 5.5, 13.5], "texture": "#13"},
				"south": {"uv": [0.5, 9.5, 5.5, 13.5], "texture": "#13"},
				"down": {"uv": [9.5, 7.5, 14.5, 8], "texture": "#13"}
			}
		},
		{
			"from": [3, 0, 2],
			"to": [13, 8, 3],
			"rotation": {"angle": 0, "axis": "y", "origin": [8, 8, 9]},
			"faces": {
				"north": {"uv": [0.5, 9.5, 5.5, 13.5], "texture": "#13"},
				"south": {"uv": [0.5, 9.5, 5.5, 13.5], "texture": "#13"},
				"down": {"uv": [9.5, 7.5, 14.5, 8], "texture": "#13"}
			}
		},
		{
			"from": [2, 8, 2],
			"to": [14, 13, 3],
			"faces": {
				"north": {"uv": [0, 7, 6, 9.5], "texture": "#13"},
				"east": {"uv": [0, 7, 6, 9.5], "texture": "#13"},
				"south": {"uv": [0, 7, 6, 9.5], "texture": "#13"},
				"west": {"uv": [0, 7, 6, 9.5], "texture": "#13"}
			}
		},
		{
			"from": [13, 8, 2],
			"to": [14, 13, 14],
			"faces": {
				"north": {"uv": [0, 7, 6, 9.5], "texture": "#13"},
				"east": {"uv": [0, 7, 6, 9.5], "texture": "#13"},
				"south": {"uv": [0, 7, 6, 9.5], "texture": "#13"},
				"west": {"uv": [0, 7, 6, 9.5], "texture": "#13"}
			}
		},
		{
			"from": [2, 8, 13],
			"to": [14, 13, 14],
			"faces": {
				"north": {"uv": [0, 7, 6, 9.5], "texture": "#13"},
				"east": {"uv": [0, 7, 6, 9.5], "texture": "#13"},
				"south": {"uv": [0, 7, 6, 9.5], "texture": "#13"},
				"west": {"uv": [0, 7, 6, 9.5], "texture": "#13"}
			}
		},
		{
			"from": [2, 8, 2],
			"to": [3, 13, 14],
			"faces": {
				"north": {"uv": [0, 7, 6, 9.5], "texture": "#13"},
				"east": {"uv": [0, 7, 6, 9.5], "texture": "#13"},
				"south": {"uv": [0, 7, 6, 9.5], "texture": "#13"},
				"west": {"uv": [0, 7, 6, 9.5], "texture": "#13"}
			}
		},
		{
			"from": [3, 13, 3],
			"to": [13, 14, 13],
			"faces": {
				"up": {"uv": [9.5, 9.5, 14.5, 14.5], "texture": "#13"},
				"down": {"uv": [9.5, 9.5, 14.5, 14.5], "texture": "#13"}
			}
		}
	],
	"display": {
		"thirdperson_righthand": {
			"rotation": [75, 45, 0],
			"translation": [0, 2.5, 0],
			"scale": [0.375, 0.375, 0.375]
		},
		"thirdperson_lefthand": {
			"rotation": [75, 45, 0],
			"translation": [0, 2.5, 0],
			"scale": [0.375, 0.375, 0.375]
		},
		"firstperson_righthand": {
			"rotation": [0, 45, 0],
			"scale": [0.4, 0.4, 0.4]
		},
		"firstperson_lefthand": {
			"rotation": [0, 225, 0],
			"scale": [0.4, 0.4, 0.4]
		},
		"ground": {
			"translation": [0, 3.25, 0],
			"scale": [0.25, 0.25, 0.25]
		},
		"gui": {
			"rotation": [30, 225, 0],
			"translation": [0, 1, 0],
			"scale": [0.5, 0.5, 0.5]
		},
		"head": {
			"rotation": [0, 90, 0]
		},
		"fixed": {
			"rotation": [0, 90, 0],
			"translation": [0, 1.5, 0],
			"scale": [0.5, 0.5, 0.5]
		}
	},
	"groups": [
		{
			"name": "ChuteTop",
			"origin": [9, 16, -7],
			"children": [0, 1, 2, 3, 4, 5, 6, 7, 8, 9, 10, 11]
		},
		{
			"name": "ChuteBase",
			"origin": [8, 8, -7],
			"children": [12, 13, 14, 15]
		},
		{
			"name": "windows",
			"origin": [8, 8, 8],
			"children": [16, 17, 18, 19]
		}, 20]
}